batter,st_wo_bdry,strike_r,bdry_percent,runs
"V Kohli",67.83,129.86,56.1411,8899
"RG Sharma",58.79,129.20,62.3939,7185
"S Dhawan",60.72,123.45,59.0929,6769
"DA Warner",63.16,135.43,62.0222,6567
"SK Raina",65.87,132.54,58.7608,5536
"MS Dhoni",68.02,132.63,56.7016,5439
"KL Rahul",66.01,133.05,58.7729,5346
"AM Rahane",64.16,122.26,55.6327,5184
"AB de Villiers",71.17,148.58,61.2623,5181
"CH Gayle",44.05,142.12,75.7655,4997
"RV Uthappa",58.97,126.15,61.1829,4954
"SV Samson",64.98,136.34,60.6873,4889
"KD Karthik",65.36,131.35,58.7446,4843
"F du Plessis",65.54,132.40,58.9566,4773
"SA Yadav",63.82,145.54,65.3385,4417
"AT Rayudu",63.35,124.58,56.8997,4348
"JC Buttler",60.53,144.73,66.9537,4297
"G Gambhir",63.74,119.67,55.0628,4217
"Shubman Gill",70.00,135.13,57.1074,4031
"MK Pandey",64.92,117.76,52.4171,3951
"SS Iyer",64.27,130.48,58.8370,3938
"SR Watson",52.80,134.16,68.3763,3880
"RR Pant",62.52,141.70,64.4959,3670
"KA Pollard",60.17,140.46,64.9695,3437
"Q de Kock",58.27,131.84,63.9019,3424
"RA Jadeja",71.13,124.57,50.6595,3336
"YK Pathan",63.04,138.05,62.6319,3222
"Ishan Kishan",57.78,136.58,65.8985,3211
"DA Miller",70.16,134.07,55.8935,3156
"WP Saha",61.86,123.90,58.1459,2934
"BB McCullum",50.30,126.85,67.7307,2882
"N Rana",53.96,131.43,66.5855,2873
"PA Patel",53.72,116.63,61.7626,2848
"HH Pandya",63.87,140.89,63.0151,2839
"GJ Maxwell",60.25,148.73,68.0142,2820
"MA Agarwal",59.58,128.80,61.8669,2764
"Yuvraj Singh",53.70,124.78,64.1249,2754
"V Sehwag",54.27,148.83,72.2874,2728
"AD Russell",46.79,163.28,78.5687,2655
"M Vijay",57.78,118.61,58.7629,2619
"RD Gaikwad",65.52,133.11,59.2593,2565
"SPD Smith",71.86,124.81,50.6613,2495
"SE Marsh",60.06,130.11,62.2338,2489
"JH Kallis",57.16,105.94,53.1108,2427
"DR Smith",48.47,132.28,70.7338,2385
"YBK Jaiswal",52.30,149.02,73.3617,2350
"N Pooran",58.48,156.71,70.9208,2335
"SR Tendulkar",56.78,114.19,58.1834,2334
"RA Tripathi",62.10,134.21,62.2436,2291
"R Dravid",56.83,113.35,57.6817,2174
"KS Williamson",67.14,122.95,53.3302,2132
"AJ Finch",54.70,123.35,63.2887,2092
"AC Gilchrist",45.83,133.05,72.8855,2069
"MP Stoinis",62.95,139.12,63.0318,2045
"JP Duminy",71.25,120.77,48.2011,2029
"MEK Hussey",62.45,119.96,55.8422,1977
"S Dube",61.29,136.18,62.6211,1961
"Abhishek Sharma",56.28,157.24,72.8021,1945
"D Padikkal",56.69,123.63,62.0299,1941
"AR Patel",65.64,128.28,56.4878,1919
"B Sai Sudharsan",69.72,140.25,59.6537,1906
"PP Shaw",56.16,143.22,69.6617,1892
"SP Narine",38.25,155.61,81.9934,1816
"DPMD Jayawardene",59.56,118.79,57.7987,1808
"KH Pandya",64.86,127.13,57.0290,1757
"Mandeep Singh",63.92,120.31,54.9238,1706
"H Klaasen",78.20,158.51,60.2113,1704
"MK Tiwary",62.92,113.83,52.1534,1695
"KK Nair",60.70,128.92,61.3341,1694
"KC Sangakkara",61.62,118.47,56.1352,1687
"JM Bairstow",57.60,141.74,67.8614,1674
"R Parag",62.04,135.59,62.1371,1619
"P Simran Singh",53.55,151.60,73.0524,1566
"DJ Bravo",64.47,125.10,56.1538,1560
"AK Markram",69.24,132.99,56.2821,1560
"NV Ojha",51.38,114.26,61.6474,1554
"Tilak Varma",66.24,137.43,60.1816,1542
"SO Hetmyer",65.05,143.45,62.8307,1512
"DJ Hooda",69.61,123.41,51.0354,1497
"VR Iyer",59.04,133.30,63.7943,1497
"SS Tiwary",66.37,115.72,49.7992,1494
"S Badrinath",61.81,115.74,54.4067,1441
"MR Marsh",55.85,137.40,67.0931,1407
"EJG Morgan",57.11,119.05,59.1750,1406
"BJ Hodge",66.19,121.42,53.2857,1400
"SC Ganguly",47.47,101.73,59.6738,1349
"RM Patidar",64.22,152.69,66.4666,1333
"CA Lynn",52.19,136.45,69.5260,1329
"DJ Hussey",63.30,120.07,54.4629,1322
"TM Head",58.02,160.66,73.1438,1266
"V Shankar",69.85,125.18,51.9059,1233
"KM Jadhav",64.37,119.37,53.6424,1208
"PD Salt",53.92,168.79,76.9874,1195
"RK Singh",64.27,136.86,61.3424,1177
"MM Ali",54.77,134.91,67.0094,1167
"TM Dilshan",50.85,110.12,61.0581,1153
"IK Pathan",65.85,116.75,50.8696,1150
"R Tewatia",60.74,130.38,61.2565,1146
"ML Hayden",53.26,131.94,67.5700,1107
"M Vohra",56.50,125.49,62.6962,1083
"DP Conway",63.45,136.02,62.2222,1080
"LMP Simmons",52.28,122.89,64.8749,1079
"A Badoni",69.83,130.74,54.8327,1076
"LS Livingstone",57.32,147.92,69.1080,1065
"JM Sharma",60.30,150.66,68.4159,1029
"LRPL Taylor",63.71,120.07,54.0806,1017
"KP Pietersen",62.62,132.06,60.8392,1001
"MC Henriques",70.55,124.84,51.6000,1000
"SM Curran",64.72,131.01,58.7763,997
"TH David",66.16,167.17,69.4864,993
"Y Venugopal Rao",60.00,113.87,54.3147,985
"JA Morkel",67.28,136.94,58.8718,975
"A Symonds",64.86,124.71,55.6468,974
"CL White",66.52,125.45,54.7889,971
"BA Stokes",68.54,130.22,55.7219,935
"HH Gibbs",50.28,105.85,59.0293,886
"STR Binny",67.78,125.71,53.8636,880
"Dhruv Jurel",69.06,152.86,64.0187,856
"Harbhajan Singh",51.46,130.97,68.1873,833
"R Ashwin",63.46,114.42,51.6206,833
"T Stubbs",78.07,156.19,59.6341,820
"Abdul Samad",64.18,142.48,63.0675,815
"Shashank Singh",71.73,151.98,61.9579,807
"MS Bisla",46.38,108.28,63.9098,798
"Shakib Al Hasan",66.02,119.55,52.5786,795
"ST Jayasuriya",42.98,134.03,74.8698,768
"C Green",70.63,148.73,61.8611,763
"M Shahrukh Khan",58.97,141.75,66.1312,747
"N Wadhera",57.78,135.39,65.1475,746
"GC Smith",52.55,106.95,58.1867,739
"AD Mathews",71.10,120.87,48.3425,724
"SN Khan",62.53,134.16,62.2348,707
"TL Suman",59.29,115.16,55.6213,676
"AM Nayar",63.87,114.29,51.3393,672
"GJ Bailey",66.03,120.11,52.7903,663
"Priyansh Arya",52.61,183.66,80.2413,663
"Abishek Porel",64.82,145.59,64.5991,661
"E Lewis",47.38,131.06,70.9480,654
"A Raghuvanshi",66.48,143.97,63.1008,645
"PP Chawla",55.56,107.59,55.1282,624
"CH Morris",72.40,149.64,60.5178,618
"JJ Roy",51.65,133.48,69.3811,614
"PJ Cummins",62.31,146.76,65.6863,612
"Rashid Khan",58.07,149.63,69.2939,609
"Washington Sundar",67.38,123.78,53.5304,609
"Nithish Kumar Reddy",63.66,132.10,59.4417,609
"JD Ryder",56.61,129.61,64.5695,604
"HM Amla",62.61,138.04,63.4315,577
"Shahbaz Ahmed",66.51,114.05,48.2143,560
"CJ Anderson",52.60,123.39,64.3123,538
"RS Bopara",67.55,113.46,47.4576,531
"JP Faulkner",70.61,129.80,53.5104,527
"MK Lomror",65.95,135.48,59.2030,527
"RD Rickelton",47.04,147.89,75.8095,525
"M Manhas",65.13,105.76,45.1362,514
"Gurkeerat Singh",60.81,117.20,55.9687,511
"OA Shah",66.67,124.94,54.1502,506
"PC Valthaty",40.17,116.90,72.0792,505
"SW Billings",65.78,126.07,55.6660,503
"Naman Dhir",67.42,169.83,70.2595,501
"SE Rutherford",53.31,135.60,67.7355,499
"D Brevis",55.76,146.75,69.7581,496
"RR Rossouw",56.97,147.35,69.7674,473
"WG Jacks",57.32,151.31,70.4104,463
"DT Christian",69.40,112.75,44.7826,460
"V Suryavanshi",43.08,217.31,87.6106,452
"R Powell",53.57,139.87,68.9655,435
"NLTC Perera",63.54,130.06,58.4906,424
"SA Asnodkar",48.60,120.17,67.1395,423
"JR Hopes",61.02,132.80,62.8297,417
"R Ravindra",64.88,138.59,61.9855,413
"Ashutosh Sharma",62.56,154.89,67.9612,412
"A Mhatre",57.23,175.64,76.8856,411
"J Botha",69.69,112.36,45.4768,409
"LR Shukla",57.28,113.13,56.2963,405
"AL Menaria",60.62,109.26,50.8728,401
"MV Boucher",68.86,123.90,52.2843,394
"CA Pujara",47.56,96.77,57.4359,390
"Azhar Mahmood",59.46,124.76,60.3093,388
"J Fraser-McGurk",36.57,189.66,87.2727,385
"A Mishra",56.19,86.59,40.4199,381
"KR Mayers",41.86,137.32,76.2533,379
"DB Ravi Teja",64.41,115.38,51.7333,375
"S Sohal",46.12,118.33,67.6630,368
"P Negi",62.40,121.26,55.8904,365
"Rahmanullah Gurbaz",41.85,128.27,73.8292,363
"KV Sharma",62.96,114.66,51.7045,352
"DJ Mitchell",75.85,128.10,49.0028,351
"R Bhatia",66.40,117.93,50.8772,342
"P Kumar",52.82,105.26,55.8824,340
"AP Tare",48.29,118.95,66.6667,339
"Sameer Rizvi",54.92,140.25,68.6391,338
"SN Thakur",62.98,132.14,60.6607,333
"B Kumar",54.30,88.44,44.3769,329
"JEC Franklin",62.91,105.83,47.0948,327
"RN ten Doeschate",67.01,136.97,59.5092,326
"Anuj Rawat",55.08,115.22,59.1195,318
"R Vinay Kumar",66.41,107.27,44.5161,310
"Aniket Verma",59.06,160.21,71.2418,306
"Lalit Yadav",58.05,101.33,49.1803,305
"DB Das",50.88,113.86,61.8421,304
"C de Grandhomme",63.73,132.31,59.4059,303
"LA Pomersbach",58.22,120.32,58.9404,302
"UBT Chand",43.22,95.54,60.6667,300
"DJG Sammy",58.26,117.53,56.9492,295
"SP Goswami",54.04,95.44,49.8294,293
"A Manohar",56.31,120.16,60.2740,292
"Y Nagar",62.40,105.17,47.0175,285
"GH Vihari",60.59,85.80,34.5070,284
"VVS Laxman",51.50,104.06,57.4468,282
"B Chipli",57.01,109.38,55.0000,280
"A Ashish Reddy",76.36,142.86,55.0000,280
"MJ Lumb",42.18,140.40,77.6978,278
"JP Inglis",57.78,157.06,71.9424,278
"PBB Rajapaksa",60.37,137.81,64.2599,277
"HV Patel",54.46,111.84,57.6642,274
"PK Garg",69.82,110.53,43.2234,273
"MJ Guptill",50.96,137.56,70.4797,271
"R Sathish",70.19,114.41,45.9259,270
"Ramandeep Singh",68.92,147.78,61.6541,266
"JC Archer",63.52,138.74,61.8868,265
"Atharva Taide",61.33,138.30,64.6154,260
"M Kaif",58.70,100.39,47.8764,259
"JO Holder",53.23,119.35,61.7761,259
"K Gowtham",66.93,155.35,65.5870,247
"Harpreet Brar",58.38,114.02,55.7377,244
"SM Katich",56.69,126.18,63.0705,241
"BCJ Cutting",57.14,163.01,73.1092,238
"K Rabada",50.73,102.15,56.3025,238
"MD Mishra",51.38,111.27,60.7595,237
"R Shepherd",61.25,195.61,78.0269,223
"Mohammad Nabi",60.63,140.76,65.1584,221
"K Goel",45.07,91.21,55.9633,218
"AA Jhunjhunwala",57.22,99.54,48.8479,217
"R Dhawan",58.90,111.70,54.2857,210
"UT Yadav",48.39,98.58,56.7308,208
"Kuldeep Yadav",51.10,83.06,43.6893,206
"CA Ingram",55.77,112.02,57.5610,205
"PD Collingwood",64.96,127.67,56.1576,203
"JD Unadkat",63.33,116.19,52.7363,201
"KS Bharat",69.59,118.45,48.2412,199
"SK Warne",53.27,90.41,46.4646,198
"SP Fleming",49.65,114.62,64.2857,196
"AS Raut",65.79,112.79,48.4536,194
"Salman Butt",43.57,112.21,68.3938,193
"BJ Rohrer",65.83,132.19,59.0674,193
"YV Takawale",42.48,104.92,66.1458,192
"HC Brook",56.06,119.50,61.0526,190
"Bipul Sharma",85.58,150.81,52.4064,187
"FY Fazal",57.05,102.23,51.3661,183
"MS Wade",49.38,98.92,56.8306,183
"SD Hope",62.38,146.40,65.5738,183
"Sikandar Raza",69.92,127.27,52.7473,182
"AC Voges",82.40,126.57,43.0939,181
"CR Brathwaite",47.87,150.83,75.1381,181
"S Gopal",60.53,104.05,48.8889,180
"AB Agarkar",68.31,111.88,45.8101,179
"MF Maharoof",72.82,142.74,57.6271,177
"C Munro",45.30,122.92,70.0565,177
"DH Yagnik",56.41,119.72,61.1765,170
"CM Gautam",48.15,106.96,61.5385,169
"DW Steyn",63.70,102.45,44.3114,167
"MN van Wyk",73.91,123.70,49.1018,167
"MG Johnson",56.29,99.40,49.1018,167
"PA Reddy",61.33,98.20,43.9024,164
"N Jagadeesan",50.00,104.52,59.2593,162
"MN Samuels",52.53,92.53,48.4472,161
"RE van der Merwe",53.60,110.42,57.8616,159
"R McLaren",59.51,89.33,38.9937,159
"V Nigam",53.97,173.03,77.9221,154
"M Jansen",57.14,101.35,49.3333,150
"D Wiese",67.44,140.95,60.8108,148
"AD Hales",60.00,124.37,59.4595,148
"SM Pollock",53.13,126.72,65.3061,147
"S Vidyut",47.25,126.09,70.3448,145
"Sachin Baby",65.42,117.07,51.3889,144
"N Saini",59.84,97.90,45.7143,140
"Anmolpreet Singh",47.37,118.80,67.6259,139
"SB Dubey",63.24,159.77,69.0647,139
"S Anirudha",55.24,112.40,57.3529,136
"MJ Santner",54.70,103.03,52.9412,136
"C Connolly",57.53,146.24,69.1176,136
"SB Styris",60.33,97.76,44.2748,131
"W Jaffer",50.00,100.78,56.9231,130
"RD Chahar",43.12,101.57,63.5659,129
"Kamran Akmal",49.12,164.10,78.1250,128
"P Dogra",61.36,90.07,36.2205,127
"UT Khawaja",60.23,120.95,58.2677,127
"TK Curran",72.63,117.59,45.6693,127
"MD Choudhary",50.72,145.98,72.4409,127
"P Nissanka",53.85,147.67,72.4409,127
"M Morkel",67.53,135.48,58.7302,126
"SS Prabhudessai",59.18,111.50,53.9683,126
"BB Samantray",60.40,107.76,51.2000,125
"MC Juneja",61.48,93.28,40.0000,125
"MM Sharma",51.18,89.29,48.0000,125
"B Lee",51.16,121.57,64.5161,124
"AB McDonald",70.00,119.42,48.7805,123
"Harpreet Singh",61.32,103.36,47.1545,123
"DL Chahar",66.23,135.16,58.5366,123
"NK Patel",54.13,97.58,51.2397,121
"DL Vettori",61.90,102.54,46.2810,121
"AC Blizzard",35.29,131.87,80.0000,120
"TG Southee",62.11,111.11,50.8333,120
"Arshad Khan",59.21,132.22,62.1849,119
"MW Short",39.77,111.22,70.5882,119
"Z Khan",47.66,82.98,47.8632,117
Misbah-ul-Haq,62.12,142.68,64.9573,117
"RJ Harris",72.82,104.46,35.8974,117
"KK Cooper",60.38,165.71,72.4138,116
"DJM Short",47.67,112.75,64.3478,115
"Aman Hakim Khan",49.47,105.50,59.1304,115
"M Kartik",78.22,103.67,30.0885,113
"Mohammed Siraj",42.48,88.19,57.1429,112
"DJ Harris",42.53,107.77,66.6667,111
"MA Starc",61.47,92.50,39.6396,111
"GD Phillips",53.42,124.42,63.5514,107
"JDP Oram",52.53,96.36,50.9434,106
"LJ Wright",54.55,168.25,77.3585,106
"DS Kulkarni",61.54,92.04,38.4615,104
"RJ Quiney",41.11,98.10,64.0777,103
"J Overton",75.47,154.55,60.7843,102
"MS Gony",43.55,130.26,72.7273,99
"SD Chitnis",58.75,107.61,52.5253,99
"Azmatullah Omarzai",57.81,128.57,62.6263,99
"CJ Ferguson",56.36,82.35,36.7347,98
"MJ Clarke",54.22,102.08,54.0816,98
"Mohammed Shami",51.61,94.23,51.0204,98
"PN Mankad",55.00,129.33,65.9794,97
"PR Shah",51.16,94.85,52.1739,92
"DJ Jacobs",32.18,91.09,69.5652,92
"JDS Neesham",65.88,98.92,39.1304,92
"PHKD Mendis",82.54,127.78,43.4783,92
"RT Ponting",48.36,70.54,35.1648,91
"S Rana",68.06,110.98,46.1538,91
"AJ Tye",54.41,115.19,59.3407,91
"AD Nath",55.56,90.91,44.4444,90
"Iqbal Abdulla",60.53,102.33,47.7273,88
"SL Malinga",36.96,85.44,61.3636,88
"Ankit Sharma",60.34,126.09,59.7701,87
"AP Majumdar",69.12,112.99,45.9770,87
"TA Boult",60.00,97.73,44.1860,86
"MJ McClenaghan",37.70,116.44,72.9412,85
"RE Levi",31.67,112.16,77.1084,83
"NM Coulter-Nile",46.88,109.33,63.4146,82
"WPUJC Vaas",80.88,110.96,32.0988,81
"Shahid Afridi",37.50,176.09,85.1852,81
"LA Carseldine",61.67,114.08,54.3210,81
"CJ Jordan",68.00,100.00,37.0370,81
"PWH de Silva",54.02,85.26,41.9753,81
"FH Allen",18.52,184.09,93.8272,81
"RV Patel",64.71,105.26,45.0000,80
"AD Mascarenhas",72.60,100.00,32.9114,79
"D Ferreira",56.86,127.42,63.2911,79
"CR Woakes",55.88,101.30,51.2821,78
"JR Philippe",51.43,97.50,53.8462,78
"B Akhil",55.32,133.33,65.7895,76
"IR Jaggi",55.32,76.00,31.5789,76
"TR Birt",56.25,127.12,64.0000,75
"RR Sarwan",60.56,93.59,41.0959,73
"M Klinger",53.62,93.59,49.3151,73
"JJ Bumrah",56.58,87.95,41.0959,73
"LH Ferguson",80.00,146.94,55.5556,72
"SK Rasheed",41.07,105.97,67.6056,71
"J Suchith",52.83,112.90,60.0000,70
"AA Bilakhia",59.04,78.41,28.9855,69
"Vivrant Sharma",55.26,140.82,69.5652,69
"Avesh Khan",45.71,147.83,76.4706,68
"Urvil Patel",52.17,200.00,82.3529,68
"RR Powar",64.91,104.69,44.7761,67
"JG Bethell",48.15,171.79,80.5970,67
"R Sharma",40.58,85.71,57.5758,66
"HR Shokeen",51.72,98.51,54.5455,66
"WD Parnell",53.09,75.58,33.8462,65
"KA Jamieson",51.92,108.33,58.4615,65
"Mohammad Hafeez",32.00,76.19,62.5000,64
"Anirudh Singh",53.23,91.30,47.6190,63
"A Flintoff",60.00,108.77,51.6129,62
"SP Jackson",68.63,107.02,42.6230,61
"Sandeep Sharma",58.67,75.95,26.6667,60
"S Aravind",59.62,100.00,47.4576,59
"Harshit Rana",42.86,103.51,64.4068,59
"MG Bracewell",66.67,118.37,51.7241,58
"C Bosch",71.43,161.11,65.5172,58
"I Sharma",44.62,80.28,49.1228,57
"WA Mota",64.86,73.68,14.2857,56
"Vishnu Vinod",50.00,96.55,53.5714,56
"M Rawat",50.77,78.57,40.0000,55
"A Chopra",36.76,70.67,52.8302,53
"PVD Chameera",57.50,115.22,56.6038,53
"DJ Willey",43.86,82.81,52.8302,53
"TU Deshpande",72.41,151.43,60.3774,53
"RP Singh",50.67,66.67,26.9231,52
"Shoaib Malik",72.73,106.12,38.4615,52
"KB Arun Karthik",60.42,96.23,43.1373,51
"R Rampaul",57.45,98.08,47.0588,51
"Swapnil Singh",52.50,110.87,58.8235,51
"Shivam Mavi",44.23,87.93,54.9020,51
"OF Smith",38.64,102.00,66.6667,51
"RV Gomez",51.06,94.34,52.0000,50
"VR Aaron",43.48,68.49,40.0000,50
"AS Yadav",51.52,122.50,65.3061,49
"SB Bangar",50.00,84.48,44.8980,49
"AG Paunikar",25.00,80.33,73.4694,49
"A Nortje",54.35,94.23,48.9796,49
"PR Veer",53.57,136.11,69.3878,49
"M Markande",57.89,109.09,54.1667,48
"T Kohler-Cadmore",30.43,88.89,70.8333,48
"Yashpal Singh",43.55,70.15,42.5532,47
"Ravi Bishnoi",38.46,65.22,44.4444,45
"DR Sams",50.00,91.67,50.0000,44
"D Pretorius",63.64,157.14,68.1818,44
"Sunny Singh",54.17,138.71,69.7674,43
"SK Trivedi",42.11,68.85,42.8571,42
"AB Barath",43.24,97.67,61.9048,42
"A Kamboj",60.61,110.53,52.3810,42
"S Arora",41.67,140.00,76.1905,42
"A Nehra",38.98,65.08,43.9024,41
"LPC Silva",66.67,148.15,65.0000,40
"BR Dunk",41.38,111.11,70.0000,40
"J Yadav",74.29,105.26,35.0000,40
"Rasikh Salam",57.14,100.00,50.0000,40
"DJ Thornely",38.00,72.22,51.2821,39
"Umar Gul",38.46,205.26,87.1795,39
"MM Patel",52.78,95.12,51.2821,39
"AUK Pathan",36.84,150.00,82.0513,39
"S Nadeem",36.05,44.32,20.5128,39
"S Narwal",56.52,127.59,64.8649,37
"YS Chahal",41.57,41.57,0.0000,37
"Sohail Tanvir",66.67,116.13,50.0000,36
"Joginder Sharma",74.07,120.00,44.4444,36
"L Balaji",46.81,72.00,38.8889,36
"AN Ahmed",63.64,133.33,61.1111,36
"KW Richardson",61.11,92.31,38.8889,36
"Anureet Singh",50.00,76.60,38.8889,36
"A Kumble",50.00,71.43,34.2857,35
"B Sumanth",65.71,92.11,34.2857,35
"M Ashwin",44.68,70.00,40.0000,35
"L Ronchi",13.33,91.89,88.2353,34
"S Sreesanth",19.61,59.65,70.5882,34
"AP Dole",84.21,147.83,52.9412,34
"A Mithun",57.14,130.77,64.7059,34
"D Salunkhe",68.42,137.50,60.6061,33
"Imran Tahir",40.63,89.19,60.6061,33
"Navdeep Saini",60.00,86.84,36.3636,33
"RJ Peterson",50.00,100.00,56.2500,32
"Basil Thampi",62.86,86.49,31.2500,32
"AT Carey",92.86,110.34,18.7500,32
"T Taibu",82.61,119.23,38.7097,31
"S Sriram",54.29,81.58,38.7097,31
"NS Naik",45.10,58.49,25.8065,31
"Arshdeep Singh",34.09,64.58,51.6129,31
"G Coetzee",37.93,93.94,64.5161,31
"J Syed Mohammad",56.52,107.41,55.1724,29
"VH Zol",50.00,111.54,62.0690,29
"Noor Ahmad",30.00,54.72,48.2759,29
"SB Jakati",59.26,93.33,42.8571,28
"AS Joseph",51.72,84.38,44.4444,27
"AS Roy",60.00,96.43,44.4444,27
"AB Dinda",37.50,52.00,30.7692,26
"PJ Sangwan",47.83,55.32,15.3846,26
"JM Kemp",69.57,104.00,38.4615,26
"NL McCullum",90.91,113.04,23.0769,26
"AS Rajpoot",31.58,63.41,53.8462,26
"CV Varun",36.73,50.98,30.7692,26
"MD Shanaka",52.17,100.00,53.8462,26
"TL Seifert",45.45,100.00,61.5385,26
"DJ Malan",66.67,100.00,38.4615,26
"S Chanderpaul",31.03,75.76,64.0000,25
"A Choudhary",83.33,125.00,40.0000,25
"Akash Deep",50.00,178.57,80.0000,25
"Mohsin Khan",44.00,89.29,56.0000,25
"Sanvir Singh",57.89,113.64,56.0000,25
"Kartik Sharma",65.00,113.64,48.0000,25
"MA Khote",52.63,109.09,58.3333,24
"KC Cariappa",63.16,114.29,50.0000,24
"AJ Turner",41.38,77.42,50.0000,24
"Tanush Kotian",41.38,75.00,50.0000,24
"ER Dwivedi",36.36,160.00,83.3333,24
"J Arunkumar",15.79,95.83,86.9565,23
"SW Tait",54.17,88.46,43.4783,23
"BMAJ Mendis",85.19,85.19,0.0000,23
"AF Milne",56.67,74.19,26.0870,23
"P Dubey",48.39,69.70,34.7826,23
"Umran Malik",53.85,143.75,69.5652,23
"GF Linde",53.85,135.29,69.5652,23
"GB Hogg",85.71,100.00,18.1818,22
"SA Abbott",40.00,122.22,72.7273,22
"KL Nagarkoti",54.55,64.71,18.1818,22
"HE van der Dussen",60.87,88.00,36.3636,22
"AU Rashid",57.14,129.41,63.6364,22
"Yudhvir Singh",46.15,137.50,72.7273,22
"XC Bartlett",66.67,110.00,45.4545,22
"Sediqullah Atal",71.43,137.50,54.5455,22
"DE Bollinger",52.38,91.30,47.6190,21
"B Indrajith",44.83,67.74,38.0952,21
"Kumar Kushagra",50.00,100.00,57.1429,21
"M Muralitharan",55.17,66.67,20.0000,20
"RR Raje",62.50,111.11,50.0000,20
"AC Thomas",58.82,105.26,50.0000,20
"S Kaul",45.71,55.56,20.0000,20
"NJ Maddinson",23.53,95.24,80.0000,20
"C Sakariya",28.57,64.52,60.0000,20
"BKG Mendis",50.00,181.82,80.0000,20
"A Mukund",68.18,82.61,21.0526,19
"R Bishnoi",21.43,111.76,84.2105,19
"DR Martyn",60.00,73.08,21.0526,19
"Y Gnaneswara Rao",46.67,105.56,63.1579,19
"R Shukla",52.38,82.61,42.1053,19
"P Sahu",81.82,146.15,52.6316,19
"P Ray Barman",47.83,76.00,42.1053,19
"NT Ellis",52.00,73.08,31.5789,19
"RA Bawa",88.24,105.56,21.0526,19
"JR Hazlewood",51.72,63.33,21.0526,19
"Gulbadin Naib",69.23,126.67,52.6316,19
"DS Lehmann",37.50,94.74,66.6667,18
"JJ van der Wath",53.33,105.88,55.5556,18
"BJ Haddin",50.00,163.64,77.7778,18
"Harmeet Singh",66.67,150.00,66.6667,18
"PV Tambe",36.84,46.15,22.2222,18
"KMA Paul",33.33,69.23,55.5556,18
"Kartik Tyagi",52.63,85.71,44.4444,18
"T Banton",40.00,81.82,55.5556,18
Naveen-ul-Haq,41.67,69.23,44.4444,18
"Sumit Kumar",17.39,69.23,77.7778,18
"Saurav Chauhan",57.14,112.50,55.5556,18
"R Sai Kishore",42.86,112.50,66.6667,18
"Parvez Rasool",68.42,85.00,23.5294,17
"JA Richardson",36.00,62.96,47.0588,17
"M Theekshana",33.33,50.00,35.2941,17
"CK Kapugedera",66.67,66.67,0.0000,16
"PP Ojha",35.56,35.56,0.0000,16
"KS Sharma",50.00,64.00,25.0000,16
"YV Dhull",54.55,69.57,25.0000,16
"AJ Hosein",66.67,145.45,62.5000,16
"VY Mahesh",53.57,53.57,0.0000,15
"GR Napier",73.33,93.75,26.6667,15
"C Madan",16.67,71.43,80.0000,15
"A Zampa",45.83,60.00,26.6667,15
"SD Lad",45.45,115.38,66.6667,15
"JL Pattinson",63.64,115.38,53.3333,15
"I Udana",55.56,136.36,66.6667,15
"Virat Singh",44.00,57.69,26.6667,15
"MDKJ Perera",20.00,107.69,85.7143,14
"FA Allen",55.56,73.68,28.5714,14
"Vijaykumar Vyshak",66.67,107.69,42.8571,14
"MP Breetzke",40.00,116.67,71.4286,14
"F Behardien",54.55,107.69,57.1429,14
"DT Patil",75.00,100.00,30.7692,13
"KJ Abbott",100.00,162.50,46.1538,13
"S Badree",52.00,52.00,0.0000,13
"Mustafizur Rahman",30.43,54.17,46.1538,13
"DR Shorey",36.84,65.00,46.1538,13
"Arjun Tendulkar",87.50,144.44,46.1538,13
"Harsh Dubey",55.56,118.18,61.5385,13
"T Thushara",63.16,63.16,0.0000,12
"AA Chavan",44.44,109.09,66.6667,12
"K Upadhyay",75.00,133.33,50.0000,12
"Karanveer Singh",50.00,70.59,33.3333,12
"AR Bawne",72.73,100.00,33.3333,12
"MA Wood",25.00,120.00,83.3333,12
"Mujeeb Ur Rahman",30.77,80.00,66.6667,12
"K Kartikeya",47.06,66.67,33.3333,12
"DG Nalkande",54.55,100.00,50.0000,12
"DAJ Bracewell",100.00,133.33,33.3333,12
"T Kohli",26.32,55.00,54.5455,11
"M Ntini",17.65,57.89,72.7273,11
"DNT Zoysa",87.50,122.22,36.3636,11
"T Henderson",33.33,68.75,54.5455,11
"D du Preez",76.92,76.92,0.0000,10
"J Theron",50.00,76.92,40.0000,10
"KAJ Roach",75.00,111.11,40.0000,10
"TD Paine",34.48,34.48,0.0000,10
"AG Murtaza",46.15,71.43,40.0000,10
"SMSM Senanayake",58.82,58.82,0.0000,10
"X Thalaivan Sargunam",58.82,58.82,0.0000,10
"BB Sran",71.43,71.43,0.0000,10
"RK Bhui",37.04,37.04,0.0000,10
"VG Arora",37.04,37.04,0.0000,10
"Simarjeet Singh",66.67,66.67,0.0000,10
"JE Root",42.86,66.67,40.0000,10
"Mukesh Kumar",50.00,50.00,0.0000,10
"AA Noffke",45.45,75.00,44.4444,9
"SM Harwood",64.29,64.29,0.0000,9
"M Prasidh Krishna",37.50,37.50,0.0000,9
"L Wood",150.00,300.00,66.6667,9
"AA Kulkarni",16.67,112.50,88.8889,9
"PWA Mulder",45.45,75.00,44.4444,9
"Shivang Kumar",25.00,150.00,88.8889,9
"TM Srivastava",72.73,72.73,0.0000,8
"Jaskaran Singh",72.73,72.73,0.0000,8
"TS Mills",15.38,57.14,75.0000,8
"P Chopra",0.00,133.33,100.0000,8
"SH Johnson",40.00,72.73,50.0000,8
"Akash Madhwal",57.14,57.14,0.0000,8
"JPR Scantlebury-Searles",40.00,133.33,75.0000,8
"OC McCoy",50.00,160.00,75.0000,8
"CK Langeveldt",25.00,88.89,75.0000,8
"KT Maphaka",0.00,266.67,100.0000,8
"CJ McKay",53.33,53.33,0.0000,8
"Pankaj Singh",58.33,58.33,0.0000,7
"AN Ghosh",42.86,87.50,57.1429,7
"VS Malik",50.00,100.00,57.1429,7
"UA Birla",21.43,46.67,57.1429,7
"Ankit Soni",12.50,77.78,85.7143,7
"IS Sodhi",38.89,38.89,0.0000,7
"MJ Henry",33.33,70.00,57.1429,7
"V Viyaskanth",140.00,140.00,0.0000,7
"Suryansh Shedge",58.33,58.33,0.0000,7
"I Malhotra",100.00,175.00,57.1429,7
"SB Joshi",37.50,37.50,0.0000,6
"SS Shaikh",33.33,85.71,66.6667,6
"BA Bhatt",0.00,85.71,100.0000,6
"PSP Handscomb",50.00,50.00,0.0000,6
"DM Bravo",50.00,120.00,66.6667,6
"Mukesh Choudhary",40.00,100.00,66.6667,6
"JP Behrendorff",66.67,66.67,0.0000,6
"R Minz",37.50,37.50,0.0000,6
"DA Payne",120.00,120.00,0.0000,6
"SJ Srivastava",100.00,100.00,0.0000,5
"B Laughlin",38.46,38.46,0.0000,5
"P Awana",35.71,35.71,0.0000,5
"Shivam Sharma",50.00,166.67,80.0000,5
"B Stanlake",100.00,250.00,80.0000,5
"Fazalhaq Farooqi",33.33,33.33,0.0000,5
"Arshad Khan (2)",33.33,125.00,80.0000,5
"Prince Yadav",45.45,45.45,0.0000,5
"KMDN Kulasekara",50.00,166.67,80.0000,5
"VRV Singh",0.00,133.33,100.0000,4
"CRD Fernando",133.33,133.33,0.0000,4
"FH Edwards",80.00,80.00,0.0000,4
"A Uniyal",57.14,57.14,0.0000,4
"DP Nannes",30.77,30.77,0.0000,4
"RS Sodhi",0.00,200.00,100.0000,4
"A Chandila",57.14,57.14,0.0000,4
"T Natarajan",57.14,57.14,0.0000,4
"Yash Dayal",44.44,44.44,0.0000,4
"A Tomar",0.00,50.00,100.0000,4
"GD McGrath",0.00,80.00,100.0000,4
"A Dananjaya",80.00,80.00,0.0000,4
"Liton Das",0.00,100.00,100.0000,4
"Auqib Nabi",0.00,200.00,100.0000,4
"Younis Khan",42.86,42.86,0.0000,3
"Kamran Khan",60.00,60.00,0.0000,3
"BAW Mendis",50.00,50.00,0.0000,3
"S Tyagi",75.00,75.00,0.0000,3
"R Ninan",50.00,50.00,0.0000,3
"JE Taylor",75.00,75.00,0.0000,3
"RJW Topley",50.00,50.00,0.0000,3
"L Ngidi",42.86,42.86,0.0000,3
"N Burger",60.00,60.00,0.0000,3
"D Kalyankrishna",37.50,37.50,0.0000,3
"GC Viljoen",42.86,42.86,0.0000,3
"Mohammad Asif",50.00,50.00,0.0000,3
"M Tiwari",75.00,75.00,0.0000,3
"Shoaib Akhtar",25.00,25.00,0.0000,2
"H Das",40.00,40.00,0.0000,2
"VS Yeligati",100.00,100.00,0.0000,2
"KP Appanna",50.00,50.00,0.0000,2
"Mashrafe Mortaza",100.00,100.00,0.0000,2
"A Singh",20.00,20.00,0.0000,2
"RS Gavaskar",25.00,25.00,0.0000,2
"SB Wagh",66.67,66.67,0.0000,2
"S Randiv",50.00,50.00,0.0000,2
"RG More",100.00,100.00,0.0000,2
"KK Ahmed",22.22,22.22,0.0000,2
"T Shamsi",50.00,50.00,0.0000,2
"GHS Garton",50.00,50.00,0.0000,2
"BR Sharath",40.00,40.00,0.0000,2
"RJ Gleeson",100.00,100.00,0.0000,2
"Shivam Singh",66.67,66.67,0.0000,2
"Mohammad Ashraful",16.67,16.67,0.0000,2
"PM Sarvesh Kumar",50.00,50.00,0.0000,1
"DP Vijaykumar",100.00,100.00,0.0000,1
"Shoaib Ahmed",16.67,16.67,0.0000,1
"SE Bond",50.00,50.00,0.0000,1
"P Parameswaran",33.33,33.33,0.0000,1
"BE Hendricks",33.33,33.33,0.0000,1
"DJ Muthuswami",33.33,33.33,0.0000,1
"LE Plunkett",33.33,33.33,0.0000,1
"HF Gurney",20.00,20.00,0.0000,1
"Mohit Rathee",50.00,50.00,0.0000,1
"Abdul Basith",100.00,100.00,0.0000,1
"SZ Mulani",100.00,100.00,0.0000,1
"KA Maharaj",50.00,50.00,0.0000,1
"MJ Suthar",50.00,50.00,0.0000,1
"PVSN Raju",100.00,100.00,0.0000,1
"DS Rathi",14.29,14.29,0.0000,1
"NJ Rimmington",100.00,100.00,0.0000,1
"MS Bhandage",25.00,25.00,0.0000,1
"M de Lange",50.00,50.00,0.0000,1
"LB Williams",50.00,50.00,0.0000,1
"Abdur Razzak",0.00,0.00,NULL,0
"C Nanda",0.00,0.00,NULL,0
"S Ladda",0.00,0.00,NULL,0
"ND Doshi",0.00,0.00,NULL,0
"RR Bhatkal",0.00,0.00,NULL,0
"V Pratap Singh",0.00,0.00,NULL,0
"IC Pandey",0.00,0.00,NULL,0
"S Kaushik",0.00,0.00,NULL,0
"Y Prithvi Raj",0.00,0.00,NULL,0
"SS Cottrell",0.00,0.00,NULL,0
"K Yadav",0.00,0.00,NULL,0
"KR Sen",0.00,0.00,NULL,0
"RP Meredith",0.00,0.00,NULL,0
"R Sanjay Yadav",0.00,0.00,NULL,0
"KM Asif",0.00,0.00,NULL,0
"Mayank Dagar",0.00,0.00,NULL,0
"KS Rathore",0.00,0.00,NULL,0
"Ashok Sharma",0.00,0.00,NULL,0
"LG Pretorius",0.00,0.00,NULL,0
"Musheer Khan",0.00,0.00,NULL,0
"U Kaul",0.00,0.00,NULL,0
"L Ablish",0.00,0.00,NULL,0
"MJ Owen",0.00,0.00,NULL,0
"YA Abdulla",0.00,0.00,NULL,0
"Sunny Gupta",0.00,0.00,NULL,0
"S Lamichhane",0.00,0.00,NULL,0
"JL Denly",0.00,0.00,NULL,0
